lang_id,index
sot,1
nso,2
eng,3
nso,4
nso,5
ven,6
eng,7
xho,8
xho,9
nbl,10
sot,11
afr,12
nso,13
eng,14
nso,15
tsn,16
ssw,17
sot,18
tsn,19
ven,20
sot,21
zul,22
tso,23
nso,24
ssw,25
ven,26
eng,27
xho,28
eng,29
tsn,30
tsn,31
nbl,32
nso,33
ven,34
eng,35
sot,36
tsn,37
eng,38
zul,39
tsn,40
eng,41
nbl,42
ssw,43
nbl,44
nbl,45
eng,46
xho,47
zul,48
eng,49
xho,50
tsn,51
ssw,52
xho,53
tso,54
afr,55
sot,56
tsn,57
zul,58
xho,59
tso,60
nbl,61
ssw,62
eng,63
ssw,64
sot,65
xho,66
zul,67
nso,68
ven,69
xho,70
nbl,71
zul,72
zul,73
eng,74
tso,75
ven,76
nso,77
nso,78
zul,79
zul,80
ven,81
sot,82
eng,83
tsn,84
tsn,85
zul,86
ven,87
afr,88
tso,89
tso,90
nso,91
xho,92
ven,93
eng,94
xho,95
ssw,96
eng,97
sot,98
afr,99
sot,100
xho,101
ven,102
zul,103
tsn,104
nbl,105
tsn,106
eng,107
xho,108
nbl,109
xho,110
sot,111
zul,112
nso,113
tsn,114
nbl,115
xho,116
zul,117
nbl,118
tso,119
zul,120
sot,121
zul,122
tso,123
ven,124
zul,125
ssw,126
eng,127
ssw,128
tsn,129
nso,130
afr,131
sot,132
xho,133
sot,134
tsn,135
xho,136
afr,137
tso,138
ssw,139
ssw,140
ssw,141
tsn,142
zul,143
nso,144
zul,145
eng,146
eng,147
nso,148
xho,149
ven,150
xho,151
tso,152
tsn,153
zul,154
zul,155
eng,156
sot,157
afr,158
eng,159
ven,160
zul,161
ven,162
xho,163
xho,164
nbl,165
zul,166
eng,167
tsn,168
tso,169
nbl,170
tsn,171
tsn,172
zul,173
ven,174
eng,175
nbl,176
zul,177
ssw,178
zul,179
ven,180
nso,181
zul,182
ssw,183
eng,184
sot,185
sot,186
xho,187
sot,188
sot,189
nso,190
xho,191
eng,192
nbl,193
afr,194
tsn,195
tso,196
tsn,197
ven,198
sot,199
afr,200
afr,201
sot,202
sot,203
zul,204
nso,205
sot,206
afr,207
tso,208
ven,209
tso,210
ssw,211
tso,212
ssw,213
ssw,214
zul,215
nbl,216
eng,217
afr,218
eng,219
nso,220
nbl,221
nso,222
ven,223
eng,224
tsn,225
afr,226
xho,227
nso,228
nso,229
ssw,230
zul,231
xho,232
xho,233
afr,234
xho,235
nso,236
afr,237
sot,238
xho,239
eng,240
xho,241
zul,242
ssw,243
zul,244
sot,245
tsn,246
zul,247
tso,248
tsn,249
ven,250
zul,251
xho,252
sot,253
zul,254
eng,255
ven,256
xho,257
xho,258
sot,259
tso,260
afr,261
afr,262
afr,263
nbl,264
eng,265
xho,266
nbl,267
tsn,268
tsn,269
sot,270
sot,271
afr,272
eng,273
afr,274
nbl,275
afr,276
zul,277
ssw,278
eng,279
ssw,280
ssw,281
zul,282
ven,283
sot,284
ssw,285
zul,286
eng,287
nso,288
zul,289
eng,290
ven,291
tsn,292
tso,293
afr,294
xho,295
tso,296
ven,297
nbl,298
eng,299
afr,300
nbl,301
tso,302
ven,303
xho,304
zul,305
sot,306
nbl,307
tsn,308
afr,309
tsn,310
tsn,311
nbl,312
nso,313
tsn,314
ssw,315
ven,316
zul,317
afr,318
zul,319
tso,320
afr,321
ven,322
ven,323
tsn,324
ssw,325
nbl,326
nso,327
tsn,328
tsn,329
zul,330
tso,331
tsn,332
nbl,333
nbl,334
ven,335
eng,336
zul,337
ven,338
nbl,339
xho,340
xho,341
tsn,342
tso,343
zul,344
zul,345
nbl,346
tsn,347
tso,348
tso,349
sot,350
nso,351
ssw,352
tsn,353
tsn,354
ssw,355
tsn,356
nso,357
nbl,358
zul,359
nbl,360
ven,361
ssw,362
ven,363
ssw,364
ven,365
tsn,366
nbl,367
zul,368
ssw,369
tsn,370
nso,371
afr,372
sot,373
nso,374
tso,375
xho,376
afr,377
tsn,378
tso,379
ven,380
zul,381
ven,382
tso,383
nbl,384
nso,385
nbl,386
tsn,387
eng,388
nbl,389
xho,390
ven,391
tsn,392
nso,393
tsn,394
sot,395
ssw,396
sot,397
xho,398
afr,399
tsn,400
ssw,401
tso,402
ven,403
ven,404
sot,405
nbl,406
ssw,407
sot,408
ven,409
ven,410
sot,411
tso,412
tsn,413
zul,414
xho,415
eng,416
ssw,417
sot,418
nbl,419
ssw,420
xho,421
tso,422
ven,423
nso,424
ssw,425
tso,426
tso,427
zul,428
tso,429
afr,430
tsn,431
ven,432
xho,433
tsn,434
eng,435
ssw,436
tso,437
xho,438
ven,439
sot,440
nso,441
nso,442
ssw,443
ssw,444
ven,445
nbl,446
tsn,447
ven,448
xho,449
tsn,450
nbl,451
ssw,452
afr,453
xho,454
sot,455
nbl,456
eng,457
sot,458
nso,459
zul,460
zul,461
nso,462
nso,463
afr,464
tso,465
ssw,466
tso,467
ven,468
sot,469
nso,470
nbl,471
eng,472
sot,473
ven,474
zul,475
sot,476
nbl,477
xho,478
afr,479
tsn,480
eng,481
afr,482
tso,483
ssw,484
sot,485
nbl,486
nbl,487
afr,488
eng,489
sot,490
zul,491
tso,492
ssw,493
ssw,494
xho,495
tsn,496
tsn,497
tsn,498
nso,499
tso,500
ven,501
nso,502
nbl,503
xho,504
ssw,505
ssw,506
tso,507
tsn,508
nbl,509
sot,510
zul,511
tso,512
nbl,513
nso,514
nso,515
zul,516
ven,517
tsn,518
tsn,519
tso,520
eng,521
xho,522
nso,523
zul,524
ven,525
ssw,526
ven,527
tso,528
nbl,529
nbl,530
eng,531
nbl,532
sot,533
nso,534
ven,535
sot,536
nbl,537
nso,538
sot,539
tsn,540
tso,541
nbl,542
sot,543
nbl,544
nso,545
ven,546
zul,547
eng,548
nbl,549
nbl,550
tsn,551
tsn,552
zul,553
tsn,554
nso,555
nso,556
tsn,557
tso,558
afr,559
nbl,560
zul,561
nbl,562
ven,563
eng,564
ven,565
tsn,566
nbl,567
zul,568
nso,569
nso,570
xho,571
tso,572
ssw,573
ven,574
eng,575
afr,576
afr,577
tso,578
xho,579
tso,580
ven,581
sot,582
sot,583
nbl,584
tsn,585
eng,586
eng,587
ssw,588
zul,589
ven,590
ssw,591
ven,592
xho,593
nso,594
zul,595
nso,596
eng,597
tso,598
nbl,599
xho,600
tso,601
nso,602
xho,603
eng,604
eng,605
ven,606
zul,607
sot,608
ven,609
eng,610
nbl,611
tsn,612
nso,613
nso,614
nso,615
tsn,616
nbl,617
afr,618
zul,619
nso,620
zul,621
nso,622
tso,623
afr,624
tso,625
afr,626
ven,627
xho,628
afr,629
afr,630
zul,631
ssw,632
ssw,633
ssw,634
afr,635
nbl,636
tso,637
ven,638
nso,639
afr,640
sot,641
zul,642
tso,643
nso,644
ssw,645
tsn,646
xho,647
tso,648
afr,649
afr,650
nso,651
xho,652
nso,653
afr,654
ven,655
afr,656
nbl,657
eng,658
tso,659
tsn,660
afr,661
afr,662
nbl,663
eng,664
afr,665
nso,666
afr,667
xho,668
tsn,669
nbl,670
sot,671
nbl,672
nso,673
ssw,674
nso,675
sot,676
nso,677
ven,678
afr,679
eng,680
tso,681
tsn,682
afr,683
xho,684
nso,685
tsn,686
nbl,687
nso,688
sot,689
ssw,690
xho,691
tsn,692
nbl,693
eng,694
tsn,695
afr,696
xho,697
zul,698
ssw,699
eng,700
afr,701
xho,702
nbl,703
zul,704
sot,705
tsn,706
zul,707
nso,708
tsn,709
ven,710
nbl,711
nbl,712
nso,713
nbl,714
nso,715
xho,716
nso,717
nso,718
ssw,719
afr,720
ven,721
sot,722
eng,723
xho,724
eng,725
sot,726
eng,727
nbl,728
eng,729
ssw,730
ven,731
nso,732
tso,733
sot,734
nbl,735
nbl,736
sot,737
ssw,738
tso,739
afr,740
sot,741
afr,742
xho,743
sot,744
sot,745
sot,746
nbl,747
zul,748
tso,749
afr,750
nbl,751
nbl,752
tso,753
sot,754
tsn,755
xho,756
ssw,757
tsn,758
afr,759
tso,760
ven,761
ssw,762
afr,763
eng,764
tsn,765
tso,766
tsn,767
afr,768
ssw,769
zul,770
sot,771
tsn,772
nso,773
nbl,774
xho,775
nbl,776
eng,777
nbl,778
zul,779
nbl,780
tso,781
nso,782
eng,783
nso,784
ssw,785
eng,786
nso,787
ssw,788
sot,789
nso,790
ven,791
sot,792
eng,793
eng,794
afr,795
tsn,796
eng,797
tsn,798
eng,799
tso,800
sot,801
ven,802
eng,803
tso,804
xho,805
nbl,806
zul,807
sot,808
ven,809
ven,810
afr,811
ssw,812
zul,813
tso,814
tsn,815
nso,816
tsn,817
ven,818
nbl,819
ssw,820
nso,821
zul,822
nbl,823
nso,824
sot,825
tsn,826
nso,827
ssw,828
sot,829
tsn,830
sot,831
ven,832
sot,833
eng,834
nbl,835
eng,836
ven,837
nbl,838
tso,839
tsn,840
nso,841
nso,842
zul,843
xho,844
tso,845
zul,846
nbl,847
nso,848
afr,849
zul,850
xho,851
ssw,852
tsn,853
tso,854
ven,855
sot,856
afr,857
sot,858
sot,859
tsn,860
eng,861
tsn,862
eng,863
nbl,864
ssw,865
eng,866
tsn,867
tso,868
sot,869
sot,870
nso,871
nso,872
nso,873
nso,874
nbl,875
nbl,876
afr,877
xho,878
afr,879
ssw,880
zul,881
zul,882
xho,883
eng,884
sot,885
afr,886
xho,887
tso,888
sot,889
ven,890
afr,891
zul,892
sot,893
eng,894
tso,895
tso,896
nso,897
nbl,898
nso,899
afr,900
eng,901
tsn,902
zul,903
tso,904
ven,905
ssw,906
ven,907
sot,908
tsn,909
nbl,910
nso,911
xho,912
tso,913
zul,914
nbl,915
xho,916
xho,917
ssw,918
nso,919
nbl,920
tsn,921
afr,922
ssw,923
ven,924
zul,925
zul,926
sot,927
eng,928
ven,929
eng,930
eng,931
tsn,932
sot,933
ssw,934
ven,935
sot,936
eng,937
ssw,938
nso,939
sot,940
eng,941
ven,942
ven,943
tsn,944
zul,945
eng,946
tso,947
sot,948
afr,949
eng,950
xho,951
ven,952
ven,953
ven,954
nbl,955
tsn,956
tso,957
zul,958
nbl,959
sot,960
nso,961
nso,962
ssw,963
tsn,964
nbl,965
nso,966
xho,967
sot,968
ven,969
nbl,970
xho,971
ssw,972
nbl,973
zul,974
sot,975
eng,976
zul,977
sot,978
afr,979
afr,980
nbl,981
ssw,982
sot,983
nso,984
nbl,985
afr,986
tso,987
xho,988
eng,989
afr,990
zul,991
nso,992
nbl,993
tsn,994
ssw,995
tsn,996
sot,997
zul,998
nbl,999
zul,1000
tso,1001
tsn,1002
ssw,1003
ven,1004
xho,1005
eng,1006
ven,1007
eng,1008
nbl,1009
ssw,1010
ven,1011
ssw,1012
sot,1013
afr,1014
tsn,1015
zul,1016
ven,1017
tsn,1018
eng,1019
ven,1020
sot,1021
xho,1022
nso,1023
ssw,1024
nso,1025
tsn,1026
afr,1027
eng,1028
zul,1029
sot,1030
afr,1031
sot,1032
nbl,1033
xho,1034
sot,1035
eng,1036
nso,1037
tsn,1038
afr,1039
afr,1040
xho,1041
nso,1042
tsn,1043
ven,1044
nso,1045
zul,1046
ven,1047
ssw,1048
ven,1049
ssw,1050
zul,1051
tso,1052
zul,1053
xho,1054
ven,1055
zul,1056
tsn,1057
nso,1058
zul,1059
ssw,1060
eng,1061
eng,1062
xho,1063
nbl,1064
nbl,1065
eng,1066
xho,1067
xho,1068
sot,1069
tso,1070
ssw,1071
nso,1072
eng,1073
ven,1074
nbl,1075
tso,1076
tsn,1077
ven,1078
ssw,1079
zul,1080
eng,1081
tsn,1082
nbl,1083
ven,1084
nbl,1085
tsn,1086
ssw,1087
xho,1088
sot,1089
tso,1090
eng,1091
tso,1092
sot,1093
nso,1094
tsn,1095
afr,1096
ven,1097
nbl,1098
tso,1099
nso,1100
nso,1101
zul,1102
sot,1103
sot,1104
ssw,1105
xho,1106
zul,1107
nbl,1108
nbl,1109
nso,1110
nso,1111
eng,1112
sot,1113
sot,1114
nbl,1115
nbl,1116
eng,1117
eng,1118
afr,1119
eng,1120
tso,1121
ssw,1122
xho,1123
zul,1124
eng,1125
xho,1126
ssw,1127
tsn,1128
nso,1129
sot,1130
nbl,1131
ssw,1132
zul,1133
nbl,1134
nso,1135
xho,1136
eng,1137
ven,1138
eng,1139
eng,1140
zul,1141
ven,1142
sot,1143
ssw,1144
ssw,1145
nso,1146
afr,1147
nbl,1148
sot,1149
xho,1150
afr,1151
afr,1152
nso,1153
nso,1154
afr,1155
eng,1156
tso,1157
nbl,1158
nbl,1159
xho,1160
tsn,1161
xho,1162
zul,1163
nso,1164
nso,1165
sot,1166
ssw,1167
nso,1168
eng,1169
eng,1170
xho,1171
nbl,1172
xho,1173
nbl,1174
xho,1175
tso,1176
ssw,1177
nbl,1178
nso,1179
zul,1180
ven,1181
nbl,1182
ssw,1183
xho,1184
afr,1185
tsn,1186
sot,1187
afr,1188
tsn,1189
xho,1190
nso,1191
ssw,1192
nso,1193
nso,1194
sot,1195
afr,1196
eng,1197
nbl,1198
ssw,1199
sot,1200
eng,1201
xho,1202
ven,1203
tsn,1204
eng,1205
eng,1206
afr,1207
afr,1208
afr,1209
afr,1210
zul,1211
nso,1212
xho,1213
sot,1214
ven,1215
ven,1216
xho,1217
ven,1218
nso,1219
afr,1220
eng,1221
nso,1222
sot,1223
nso,1224
afr,1225
ven,1226
sot,1227
ven,1228
nso,1229
ven,1230
tso,1231
tsn,1232
afr,1233
ven,1234
zul,1235
sot,1236
eng,1237
nbl,1238
nbl,1239
tso,1240
ssw,1241
xho,1242
tsn,1243
ven,1244
sot,1245
nso,1246
sot,1247
nbl,1248
nso,1249
ven,1250
eng,1251
tso,1252
tsn,1253
nso,1254
tso,1255
zul,1256
zul,1257
ssw,1258
nso,1259
ssw,1260
nso,1261
sot,1262
sot,1263
zul,1264
tso,1265
sot,1266
xho,1267
ssw,1268
xho,1269
tso,1270
xho,1271
ssw,1272
ven,1273
tsn,1274
sot,1275
zul,1276
tsn,1277
ven,1278
nso,1279
nso,1280
ssw,1281
nbl,1282
ven,1283
zul,1284
afr,1285
nbl,1286
sot,1287
tso,1288
zul,1289
eng,1290
nbl,1291
tso,1292
tso,1293
tso,1294
xho,1295
sot,1296
xho,1297
xho,1298
nbl,1299
ven,1300
sot,1301
tso,1302
tsn,1303
ven,1304
nso,1305
xho,1306
tsn,1307
xho,1308
nbl,1309
afr,1310
eng,1311
ssw,1312
sot,1313
nso,1314
ssw,1315
tso,1316
tso,1317
tsn,1318
nbl,1319
eng,1320
tso,1321
zul,1322
ssw,1323
afr,1324
ssw,1325
tso,1326
ven,1327
eng,1328
afr,1329
tsn,1330
nbl,1331
nso,1332
tsn,1333
ssw,1334
xho,1335
eng,1336
eng,1337
eng,1338
nbl,1339
zul,1340
nbl,1341
tsn,1342
xho,1343
tso,1344
afr,1345
sot,1346
zul,1347
sot,1348
xho,1349
tso,1350
ven,1351
nso,1352
ssw,1353
nbl,1354
zul,1355
nbl,1356
xho,1357
sot,1358
afr,1359
ven,1360
zul,1361
tsn,1362
afr,1363
sot,1364
afr,1365
ssw,1366
afr,1367
sot,1368
nbl,1369
xho,1370
nso,1371
eng,1372
ven,1373
sot,1374
tsn,1375
nbl,1376
ven,1377
ssw,1378
tso,1379
afr,1380
tsn,1381
eng,1382
afr,1383
ssw,1384
tso,1385
ssw,1386
nbl,1387
sot,1388
tso,1389
afr,1390
xho,1391
tsn,1392
ven,1393
xho,1394
nso,1395
nbl,1396
xho,1397
zul,1398
eng,1399
tsn,1400
ven,1401
nbl,1402
tso,1403
zul,1404
sot,1405
zul,1406
xho,1407
tsn,1408
tso,1409
nbl,1410
ven,1411
ven,1412
eng,1413
nso,1414
eng,1415
ven,1416
ven,1417
tsn,1418
nso,1419
nbl,1420
ven,1421
nbl,1422
nbl,1423
ven,1424
xho,1425
zul,1426
nbl,1427
eng,1428
nso,1429
afr,1430
nso,1431
xho,1432
zul,1433
nbl,1434
afr,1435
sot,1436
ssw,1437
nbl,1438
nbl,1439
sot,1440
tsn,1441
tso,1442
nbl,1443
sot,1444
tsn,1445
ven,1446
tso,1447
ven,1448
ven,1449
xho,1450
nso,1451
sot,1452
afr,1453
tsn,1454
tsn,1455
nso,1456
nbl,1457
xho,1458
tsn,1459
zul,1460
tso,1461
afr,1462
ssw,1463
zul,1464
ssw,1465
tso,1466
nbl,1467
tsn,1468
xho,1469
eng,1470
nso,1471
xho,1472
sot,1473
afr,1474
tsn,1475
ssw,1476
xho,1477
sot,1478
tsn,1479
ven,1480
eng,1481
afr,1482
ven,1483
afr,1484
tsn,1485
nso,1486
sot,1487
ven,1488
tsn,1489
nso,1490
nso,1491
tsn,1492
ssw,1493
eng,1494
afr,1495
nso,1496
afr,1497
sot,1498
nso,1499
tsn,1500
nso,1501
nbl,1502
nso,1503
tsn,1504
ssw,1505
eng,1506
zul,1507
xho,1508
sot,1509
nbl,1510
sot,1511
tso,1512
ven,1513
nbl,1514
nbl,1515
sot,1516
ven,1517
tso,1518
eng,1519
eng,1520
ssw,1521
nbl,1522
nso,1523
ssw,1524
afr,1525
ven,1526
afr,1527
xho,1528
tso,1529
afr,1530
tso,1531
afr,1532
nbl,1533
afr,1534
tso,1535
tsn,1536
ven,1537
xho,1538
ven,1539
nso,1540
xho,1541
sot,1542
zul,1543
nbl,1544
xho,1545
tsn,1546
afr,1547
tsn,1548
tso,1549
zul,1550
eng,1551
xho,1552
ssw,1553
ven,1554
tso,1555
ssw,1556
nso,1557
eng,1558
ven,1559
ssw,1560
nso,1561
nso,1562
xho,1563
nbl,1564
tsn,1565
sot,1566
tsn,1567
nbl,1568
ven,1569
tsn,1570
tsn,1571
ssw,1572
ven,1573
sot,1574
sot,1575
nso,1576
afr,1577
tso,1578
nso,1579
afr,1580
ssw,1581
sot,1582
nso,1583
ven,1584
eng,1585
ven,1586
sot,1587
ssw,1588
xho,1589
afr,1590
nbl,1591
eng,1592
afr,1593
ssw,1594
sot,1595
nbl,1596
eng,1597
zul,1598
nso,1599
xho,1600
tsn,1601
zul,1602
ssw,1603
xho,1604
sot,1605
eng,1606
tso,1607
tso,1608
ven,1609
afr,1610
afr,1611
ssw,1612
nbl,1613
zul,1614
ven,1615
xho,1616
ssw,1617
tso,1618
nso,1619
tso,1620
eng,1621
ssw,1622
zul,1623
afr,1624
ven,1625
ssw,1626
sot,1627
afr,1628
tso,1629
ssw,1630
tso,1631
tso,1632
nbl,1633
nso,1634
ssw,1635
nbl,1636
nso,1637
sot,1638
afr,1639
tsn,1640
ven,1641
tsn,1642
sot,1643
nso,1644
ven,1645
sot,1646
xho,1647
sot,1648
nso,1649
tsn,1650
eng,1651
ssw,1652
nbl,1653
nbl,1654
xho,1655
nbl,1656
ssw,1657
tsn,1658
nso,1659
ssw,1660
afr,1661
xho,1662
xho,1663
ven,1664
afr,1665
afr,1666
nbl,1667
ven,1668
afr,1669
nso,1670
nso,1671
nbl,1672
zul,1673
nso,1674
nso,1675
eng,1676
ven,1677
ven,1678
sot,1679
tso,1680
xho,1681
afr,1682
nso,1683
xho,1684
tsn,1685
sot,1686
xho,1687
tsn,1688
afr,1689
nbl,1690
tsn,1691
ven,1692
eng,1693
ven,1694
nso,1695
sot,1696
nso,1697
zul,1698
xho,1699
ssw,1700
ven,1701
zul,1702
ven,1703
eng,1704
nso,1705
nbl,1706
afr,1707
eng,1708
ssw,1709
nso,1710
tsn,1711
xho,1712
nbl,1713
ssw,1714
tsn,1715
xho,1716
zul,1717
xho,1718
ven,1719
nbl,1720
tso,1721
nbl,1722
xho,1723
eng,1724
eng,1725
ssw,1726
nbl,1727
tso,1728
xho,1729
nso,1730
zul,1731
nbl,1732
afr,1733
eng,1734
eng,1735
xho,1736
zul,1737
xho,1738
afr,1739
sot,1740
xho,1741
nso,1742
ven,1743
ssw,1744
zul,1745
afr,1746
xho,1747
tsn,1748
ven,1749
ssw,1750
xho,1751
eng,1752
sot,1753
xho,1754
nbl,1755
zul,1756
tso,1757
ven,1758
nbl,1759
eng,1760
sot,1761
ssw,1762
nso,1763
ven,1764
ven,1765
ven,1766
zul,1767
nso,1768
zul,1769
ven,1770
tsn,1771
ssw,1772
ven,1773
zul,1774
zul,1775
eng,1776
xho,1777
xho,1778
afr,1779
eng,1780
eng,1781
afr,1782
afr,1783
zul,1784
ven,1785
afr,1786
eng,1787
ven,1788
eng,1789
sot,1790
ven,1791
sot,1792
sot,1793
eng,1794
nbl,1795
tso,1796
zul,1797
ssw,1798
ven,1799
eng,1800
nbl,1801
ven,1802
afr,1803
sot,1804
eng,1805
xho,1806
eng,1807
xho,1808
nso,1809
afr,1810
ven,1811
xho,1812
eng,1813
sot,1814
tso,1815
zul,1816
nbl,1817
sot,1818
zul,1819
tso,1820
nso,1821
tsn,1822
nbl,1823
eng,1824
nbl,1825
tso,1826
afr,1827
sot,1828
xho,1829
eng,1830
tsn,1831
xho,1832
ssw,1833
nbl,1834
tso,1835
sot,1836
tsn,1837
nso,1838
ven,1839
xho,1840
sot,1841
afr,1842
xho,1843
sot,1844
eng,1845
ven,1846
zul,1847
tso,1848
nso,1849
nbl,1850
tsn,1851
ssw,1852
ven,1853
zul,1854
ssw,1855
zul,1856
zul,1857
eng,1858
eng,1859
tso,1860
afr,1861
ssw,1862
eng,1863
sot,1864
tso,1865
xho,1866
tsn,1867
afr,1868
nso,1869
ven,1870
xho,1871
ssw,1872
afr,1873
eng,1874
zul,1875
nbl,1876
ven,1877
ven,1878
ven,1879
tso,1880
nso,1881
sot,1882
afr,1883
nso,1884
ssw,1885
eng,1886
tso,1887
afr,1888
nbl,1889
sot,1890
nso,1891
zul,1892
tsn,1893
afr,1894
afr,1895
sot,1896
zul,1897
nso,1898
xho,1899
eng,1900
zul,1901
zul,1902
ven,1903
tsn,1904
eng,1905
tsn,1906
eng,1907
sot,1908
nso,1909
tsn,1910
eng,1911
ssw,1912
ven,1913
nbl,1914
afr,1915
nbl,1916
ssw,1917
sot,1918
tso,1919
nso,1920
nso,1921
ssw,1922
xho,1923
nbl,1924
xho,1925
sot,1926
ssw,1927
ssw,1928
zul,1929
sot,1930
eng,1931
xho,1932
nso,1933
tso,1934
afr,1935
zul,1936
tso,1937
eng,1938
ssw,1939
ssw,1940
ven,1941
tso,1942
nbl,1943
zul,1944
xho,1945
tso,1946
nbl,1947
nso,1948
sot,1949
eng,1950
xho,1951
tsn,1952
sot,1953
nbl,1954
ven,1955
tsn,1956
eng,1957
ven,1958
tso,1959
nbl,1960
nso,1961
tsn,1962
afr,1963
tso,1964
sot,1965
ssw,1966
zul,1967
sot,1968
afr,1969
ven,1970
eng,1971
ssw,1972
afr,1973
sot,1974
tsn,1975
eng,1976
afr,1977
ven,1978
eng,1979
xho,1980
ven,1981
tsn,1982
sot,1983
eng,1984
ssw,1985
tso,1986
zul,1987
ssw,1988
sot,1989
tso,1990
zul,1991
tsn,1992
xho,1993
ssw,1994
xho,1995
afr,1996
sot,1997
ven,1998
afr,1999
nso,2000
sot,2001
nbl,2002
tsn,2003
zul,2004
ven,2005
tsn,2006
tsn,2007
nbl,2008
xho,2009
eng,2010
ssw,2011
zul,2012
nbl,2013
tso,2014
sot,2015
xho,2016
nbl,2017
zul,2018
nbl,2019
zul,2020
ssw,2021
xho,2022
xho,2023
xho,2024
zul,2025
sot,2026
nso,2027
nbl,2028
tsn,2029
tsn,2030
nso,2031
ssw,2032
xho,2033
xho,2034
ssw,2035
nbl,2036
xho,2037
afr,2038
zul,2039
ssw,2040
sot,2041
nbl,2042
afr,2043
eng,2044
xho,2045
eng,2046
tsn,2047
sot,2048
nso,2049
nbl,2050
zul,2051
afr,2052
ven,2053
nbl,2054
zul,2055
ssw,2056
nso,2057
nbl,2058
zul,2059
nso,2060
nso,2061
afr,2062
sot,2063
afr,2064
nso,2065
nbl,2066
ven,2067
tso,2068
zul,2069
nbl,2070
zul,2071
zul,2072
afr,2073
tsn,2074
zul,2075
ssw,2076
sot,2077
afr,2078
zul,2079
eng,2080
ven,2081
afr,2082
ven,2083
ssw,2084
ven,2085
tso,2086
tso,2087
ssw,2088
ven,2089
xho,2090
afr,2091
nso,2092
tso,2093
eng,2094
afr,2095
xho,2096
nso,2097
sot,2098
ssw,2099
sot,2100
nso,2101
ven,2102
nso,2103
zul,2104
nbl,2105
nso,2106
ven,2107
xho,2108
xho,2109
nbl,2110
tsn,2111
tso,2112
sot,2113
tso,2114
ven,2115
xho,2116
nso,2117
xho,2118
tso,2119
ssw,2120
nso,2121
ssw,2122
eng,2123
xho,2124
ven,2125
sot,2126
tsn,2127
xho,2128
ssw,2129
zul,2130
nso,2131
afr,2132
sot,2133
ven,2134
eng,2135
ssw,2136
ven,2137
eng,2138
tsn,2139
ven,2140
nbl,2141
xho,2142
nbl,2143
sot,2144
nso,2145
afr,2146
xho,2147
tsn,2148
nbl,2149
nso,2150
nbl,2151
eng,2152
ven,2153
zul,2154
xho,2155
ven,2156
ven,2157
ssw,2158
ssw,2159
sot,2160
ssw,2161
tso,2162
zul,2163
tsn,2164
nbl,2165
afr,2166
xho,2167
zul,2168
eng,2169
sot,2170
xho,2171
nbl,2172
nso,2173
ven,2174
eng,2175
sot,2176
nso,2177
xho,2178
nso,2179
ven,2180
xho,2181
ven,2182
nbl,2183
sot,2184
tsn,2185
ven,2186
ven,2187
afr,2188
sot,2189
tsn,2190
nso,2191
tsn,2192
afr,2193
afr,2194
eng,2195
nbl,2196
eng,2197
eng,2198
ven,2199
ven,2200
nbl,2201
afr,2202
sot,2203
ven,2204
afr,2205
nso,2206
ssw,2207
tsn,2208
eng,2209
ven,2210
zul,2211
afr,2212
ven,2213
tsn,2214
nbl,2215
tsn,2216
ssw,2217
zul,2218
eng,2219
ven,2220
tsn,2221
afr,2222
xho,2223
zul,2224
eng,2225
xho,2226
afr,2227
xho,2228
ssw,2229
tsn,2230
afr,2231
xho,2232
ssw,2233
nso,2234
ven,2235
sot,2236
sot,2237
afr,2238
ven,2239
afr,2240
xho,2241
ven,2242
afr,2243
tsn,2244
nbl,2245
eng,2246
nso,2247
afr,2248
nso,2249
eng,2250
tsn,2251
tso,2252
xho,2253
xho,2254
tsn,2255
ven,2256
ven,2257
nbl,2258
ssw,2259
tsn,2260
nbl,2261
zul,2262
tsn,2263
sot,2264
ven,2265
zul,2266
nso,2267
tsn,2268
nso,2269
zul,2270
sot,2271
ven,2272
nbl,2273
afr,2274
ssw,2275
sot,2276
eng,2277
ssw,2278
tso,2279
tsn,2280
ven,2281
nso,2282
afr,2283
xho,2284
tsn,2285
nso,2286
eng,2287
afr,2288
nbl,2289
tsn,2290
nso,2291
nbl,2292
ven,2293
xho,2294
nso,2295
zul,2296
nbl,2297
nbl,2298
sot,2299
eng,2300
nbl,2301
nso,2302
eng,2303
ven,2304
afr,2305
sot,2306
zul,2307
nbl,2308
afr,2309
nbl,2310
sot,2311
ssw,2312
afr,2313
sot,2314
ssw,2315
tsn,2316
tso,2317
eng,2318
nbl,2319
tso,2320
ssw,2321
nbl,2322
ssw,2323
nso,2324
nso,2325
nbl,2326
tsn,2327
nso,2328
ssw,2329
xho,2330
ssw,2331
nbl,2332
eng,2333
ven,2334
afr,2335
zul,2336
tsn,2337
zul,2338
afr,2339
eng,2340
nbl,2341
xho,2342
nbl,2343
sot,2344
afr,2345
tso,2346
ssw,2347
tso,2348
eng,2349
tsn,2350
sot,2351
tsn,2352
nbl,2353
nso,2354
xho,2355
ssw,2356
zul,2357
nso,2358
afr,2359
sot,2360
zul,2361
nso,2362
eng,2363
ssw,2364
xho,2365
xho,2366
nbl,2367
nbl,2368
afr,2369
ssw,2370
zul,2371
xho,2372
ven,2373
ven,2374
xho,2375
tso,2376
afr,2377
nso,2378
nso,2379
afr,2380
zul,2381
zul,2382
afr,2383
nso,2384
nbl,2385
sot,2386
tsn,2387
ssw,2388
ssw,2389
eng,2390
tso,2391
ssw,2392
afr,2393
sot,2394
tso,2395
eng,2396
afr,2397
tsn,2398
sot,2399
afr,2400
xho,2401
zul,2402
tsn,2403
xho,2404
ven,2405
ssw,2406
tsn,2407
tso,2408
ssw,2409
ven,2410
tso,2411
tso,2412
ven,2413
eng,2414
xho,2415
zul,2416
ssw,2417
ssw,2418
tsn,2419
tsn,2420
tso,2421
afr,2422
tsn,2423
afr,2424
nso,2425
xho,2426
tso,2427
ssw,2428
eng,2429
ven,2430
tsn,2431
nso,2432
tso,2433
ssw,2434
eng,2435
afr,2436
ven,2437
ssw,2438
afr,2439
xho,2440
nbl,2441
sot,2442
ssw,2443
ssw,2444
tso,2445
nso,2446
tsn,2447
nso,2448
nbl,2449
afr,2450
afr,2451
eng,2452
tso,2453
eng,2454
ven,2455
nbl,2456
tso,2457
nbl,2458
eng,2459
sot,2460
xho,2461
sot,2462
afr,2463
tsn,2464
tso,2465
zul,2466
nso,2467
eng,2468
tso,2469
nso,2470
zul,2471
afr,2472
nso,2473
xho,2474
afr,2475
ssw,2476
sot,2477
tsn,2478
nbl,2479
zul,2480
xho,2481
ven,2482
zul,2483
nbl,2484
sot,2485
ven,2486
tso,2487
afr,2488
zul,2489
afr,2490
nso,2491
xho,2492
sot,2493
zul,2494
xho,2495
nso,2496
ssw,2497
zul,2498
sot,2499
sot,2500
ssw,2501
sot,2502
sot,2503
xho,2504
nbl,2505
ssw,2506
eng,2507
nbl,2508
ven,2509
sot,2510
afr,2511
ven,2512
nbl,2513
ssw,2514
eng,2515
ven,2516
afr,2517
eng,2518
nso,2519
tso,2520
zul,2521
afr,2522
tso,2523
ven,2524
nbl,2525
sot,2526
nbl,2527
tso,2528
eng,2529
sot,2530
zul,2531
ssw,2532
sot,2533
afr,2534
ssw,2535
tsn,2536
xho,2537
ssw,2538
nso,2539
nso,2540
tso,2541
zul,2542
ssw,2543
xho,2544
eng,2545
eng,2546
tso,2547
ven,2548
tso,2549
xho,2550
nso,2551
afr,2552
afr,2553
xho,2554
xho,2555
zul,2556
ven,2557
xho,2558
sot,2559
nbl,2560
tso,2561
tsn,2562
nbl,2563
tso,2564
tsn,2565
ssw,2566
xho,2567
eng,2568
afr,2569
ssw,2570
tso,2571
sot,2572
tsn,2573
nbl,2574
sot,2575
xho,2576
afr,2577
nso,2578
xho,2579
nbl,2580
nso,2581
tso,2582
tsn,2583
afr,2584
zul,2585
nbl,2586
nbl,2587
xho,2588
sot,2589
sot,2590
tsn,2591
eng,2592
tso,2593
tsn,2594
nbl,2595
sot,2596
ven,2597
sot,2598
ven,2599
sot,2600
tsn,2601
nbl,2602
ssw,2603
ven,2604
nso,2605
nbl,2606
sot,2607
nso,2608
ven,2609
xho,2610
tso,2611
ven,2612
ven,2613
ven,2614
nso,2615
ssw,2616
sot,2617
eng,2618
eng,2619
eng,2620
zul,2621
sot,2622
tso,2623
zul,2624
tsn,2625
eng,2626
ssw,2627
zul,2628
xho,2629
nbl,2630
ven,2631
sot,2632
ven,2633
sot,2634
tso,2635
xho,2636
zul,2637
ven,2638
afr,2639
ven,2640
sot,2641
nso,2642
nso,2643
tso,2644
sot,2645
nso,2646
xho,2647
afr,2648
zul,2649
nso,2650
ven,2651
ssw,2652
afr,2653
nbl,2654
ven,2655
ven,2656
tsn,2657
eng,2658
nbl,2659
ven,2660
tso,2661
ssw,2662
nbl,2663
zul,2664
nso,2665
tsn,2666
nso,2667
eng,2668
sot,2669
nso,2670
sot,2671
tsn,2672
sot,2673
zul,2674
nso,2675
sot,2676
ven,2677
tso,2678
ssw,2679
ven,2680
eng,2681
tso,2682
ssw,2683
ven,2684
afr,2685
ven,2686
eng,2687
tso,2688
ven,2689
ven,2690
tso,2691
ven,2692
ssw,2693
tsn,2694
xho,2695
sot,2696
eng,2697
nso,2698
nso,2699
nbl,2700
eng,2701
xho,2702
afr,2703
tsn,2704
zul,2705
eng,2706
tso,2707
sot,2708
zul,2709
nbl,2710
zul,2711
nbl,2712
ssw,2713
ven,2714
xho,2715
tsn,2716
zul,2717
zul,2718
tso,2719
sot,2720
tso,2721
nbl,2722
ssw,2723
sot,2724
zul,2725
ven,2726
sot,2727
zul,2728
nso,2729
ven,2730
sot,2731
tso,2732
nso,2733
ssw,2734
eng,2735
zul,2736
ven,2737
nso,2738
nbl,2739
ven,2740
nso,2741
zul,2742
ven,2743
xho,2744
zul,2745
ssw,2746
eng,2747
ssw,2748
afr,2749
eng,2750
sot,2751
tsn,2752
tsn,2753
eng,2754
zul,2755
zul,2756
afr,2757
nbl,2758
zul,2759
xho,2760
ssw,2761
nso,2762
nbl,2763
nbl,2764
afr,2765
sot,2766
ssw,2767
tso,2768
nbl,2769
sot,2770
tso,2771
tsn,2772
eng,2773
eng,2774
ssw,2775
ven,2776
ssw,2777
tsn,2778
tso,2779
afr,2780
xho,2781
tso,2782
ssw,2783
afr,2784
afr,2785
ssw,2786
nso,2787
zul,2788
nbl,2789
tso,2790
tso,2791
ven,2792
afr,2793
ssw,2794
tsn,2795
zul,2796
tsn,2797
xho,2798
eng,2799
nso,2800
ven,2801
tsn,2802
ven,2803
tso,2804
ssw,2805
nso,2806
ven,2807
xho,2808
sot,2809
sot,2810
afr,2811
tso,2812
ssw,2813
ven,2814
eng,2815
nso,2816
nbl,2817
nso,2818
ven,2819
ven,2820
nbl,2821
nso,2822
zul,2823
nbl,2824
ven,2825
nbl,2826
zul,2827
ven,2828
afr,2829
ssw,2830
afr,2831
sot,2832
tsn,2833
eng,2834
ven,2835
zul,2836
eng,2837
eng,2838
xho,2839
afr,2840
ssw,2841
eng,2842
ssw,2843
tso,2844
eng,2845
nbl,2846
afr,2847
zul,2848
tso,2849
nbl,2850
nso,2851
ssw,2852
sot,2853
zul,2854
eng,2855
tsn,2856
zul,2857
xho,2858
sot,2859
xho,2860
zul,2861
zul,2862
eng,2863
ven,2864
nso,2865
nbl,2866
tso,2867
tso,2868
zul,2869
tsn,2870
xho,2871
nbl,2872
zul,2873
zul,2874
nbl,2875
ssw,2876
eng,2877
xho,2878
xho,2879
nso,2880
nbl,2881
sot,2882
tso,2883
zul,2884
tsn,2885
zul,2886
eng,2887
ssw,2888
zul,2889
zul,2890
zul,2891
xho,2892
xho,2893
xho,2894
zul,2895
xho,2896
tso,2897
eng,2898
ssw,2899
nso,2900
eng,2901
tsn,2902
xho,2903
afr,2904
afr,2905
zul,2906
ssw,2907
afr,2908
sot,2909
nso,2910
nbl,2911
nbl,2912
tsn,2913
ven,2914
afr,2915
nbl,2916
ssw,2917
zul,2918
tsn,2919
afr,2920
sot,2921
xho,2922
ssw,2923
xho,2924
nso,2925
nso,2926
afr,2927
zul,2928
nso,2929
xho,2930
tsn,2931
ssw,2932
sot,2933
xho,2934
ssw,2935
zul,2936
tsn,2937
ssw,2938
ven,2939
zul,2940
nbl,2941
zul,2942
zul,2943
nbl,2944
ssw,2945
sot,2946
xho,2947
eng,2948
ssw,2949
eng,2950
xho,2951
zul,2952
zul,2953
nbl,2954
tsn,2955
tsn,2956
tsn,2957
nbl,2958
tso,2959
xho,2960
nso,2961
tso,2962
xho,2963
tsn,2964
ven,2965
ssw,2966
tso,2967
afr,2968
eng,2969
zul,2970
tso,2971
xho,2972
nbl,2973
nso,2974
sot,2975
nbl,2976
xho,2977
ssw,2978
nso,2979
xho,2980
sot,2981
tsn,2982
nso,2983
afr,2984
tsn,2985
ssw,2986
nso,2987
xho,2988
tsn,2989
tsn,2990
ven,2991
tso,2992
tsn,2993
tso,2994
xho,2995
zul,2996
xho,2997
tsn,2998
nbl,2999
nso,3000
ven,3001
tso,3002
sot,3003
ven,3004
ssw,3005
afr,3006
xho,3007
ssw,3008
nso,3009
afr,3010
nso,3011
xho,3012
tsn,3013
nso,3014
tso,3015
xho,3016
eng,3017
nbl,3018
eng,3019
nbl,3020
xho,3021
tsn,3022
sot,3023
zul,3024
nbl,3025
eng,3026
nbl,3027
eng,3028
zul,3029
zul,3030
tso,3031
tso,3032
tso,3033
tsn,3034
nbl,3035
ssw,3036
xho,3037
eng,3038
sot,3039
tso,3040
eng,3041
eng,3042
zul,3043
ven,3044
nso,3045
xho,3046
sot,3047
xho,3048
tso,3049
sot,3050
ven,3051
sot,3052
nbl,3053
nso,3054
tso,3055
eng,3056
zul,3057
ven,3058
sot,3059
ven,3060
nbl,3061
sot,3062
zul,3063
nso,3064
xho,3065
nbl,3066
nbl,3067
nbl,3068
sot,3069
afr,3070
ven,3071
zul,3072
nso,3073
afr,3074
tsn,3075
xho,3076
tso,3077
xho,3078
ven,3079
ven,3080
nso,3081
tsn,3082
tsn,3083
tsn,3084
nso,3085
zul,3086
zul,3087
xho,3088
ven,3089
nso,3090
xho,3091
nso,3092
xho,3093
tso,3094
tso,3095
tso,3096
nso,3097
xho,3098
ven,3099
nso,3100
xho,3101
xho,3102
afr,3103
nso,3104
afr,3105
sot,3106
ven,3107
xho,3108
sot,3109
zul,3110
tso,3111
sot,3112
nbl,3113
sot,3114
tsn,3115
zul,3116
tsn,3117
zul,3118
afr,3119
nso,3120
tsn,3121
eng,3122
sot,3123
eng,3124
xho,3125
tsn,3126
ven,3127
ssw,3128
ven,3129
afr,3130
ssw,3131
xho,3132
nso,3133
eng,3134
xho,3135
tso,3136
nbl,3137
eng,3138
ssw,3139
ssw,3140
xho,3141
eng,3142
eng,3143
zul,3144
tso,3145
tsn,3146
ssw,3147
zul,3148
zul,3149
afr,3150
zul,3151
afr,3152
afr,3153
ssw,3154
nbl,3155
tsn,3156
eng,3157
xho,3158
ssw,3159
afr,3160
xho,3161
afr,3162
ven,3163
xho,3164
nso,3165
ven,3166
eng,3167
nbl,3168
afr,3169
afr,3170
sot,3171
eng,3172
xho,3173
zul,3174
ssw,3175
xho,3176
nbl,3177
eng,3178
ven,3179
ssw,3180
ven,3181
tsn,3182
ssw,3183
tsn,3184
zul,3185
ven,3186
xho,3187
tso,3188
tsn,3189
sot,3190
ven,3191
zul,3192
afr,3193
sot,3194
ssw,3195
nso,3196
nso,3197
tso,3198
zul,3199
tsn,3200
afr,3201
ven,3202
nbl,3203
ven,3204
xho,3205
eng,3206
nso,3207
zul,3208
zul,3209
zul,3210
xho,3211
zul,3212
nbl,3213
ssw,3214
afr,3215
sot,3216
nso,3217
eng,3218
tsn,3219
sot,3220
tsn,3221
ven,3222
eng,3223
nbl,3224
eng,3225
tso,3226
eng,3227
zul,3228
nso,3229
eng,3230
nbl,3231
xho,3232
afr,3233
afr,3234
zul,3235
nso,3236
nbl,3237
afr,3238
zul,3239
eng,3240
xho,3241
nbl,3242
tso,3243
tso,3244
zul,3245
eng,3246
ssw,3247
xho,3248
nbl,3249
xho,3250
ssw,3251
eng,3252
tsn,3253
sot,3254
eng,3255
afr,3256
nso,3257
ven,3258
tso,3259
zul,3260
tsn,3261
sot,3262
eng,3263
ssw,3264
afr,3265
ven,3266
afr,3267
nbl,3268
sot,3269
zul,3270
ven,3271
sot,3272
nbl,3273
tso,3274
tsn,3275
nbl,3276
nso,3277
ssw,3278
tsn,3279
nso,3280
xho,3281
afr,3282
tsn,3283
tso,3284
ssw,3285
ven,3286
eng,3287
xho,3288
tso,3289
nbl,3290
eng,3291
tso,3292
sot,3293
ven,3294
tsn,3295
eng,3296
ven,3297
sot,3298
tsn,3299
eng,3300
nso,3301
nbl,3302
tso,3303
sot,3304
xho,3305
nbl,3306
xho,3307
eng,3308
ssw,3309
tso,3310
afr,3311
zul,3312
nso,3313
zul,3314
nso,3315
tso,3316
afr,3317
nbl,3318
sot,3319
xho,3320
tso,3321
zul,3322
ssw,3323
ssw,3324
ssw,3325
nbl,3326
nso,3327
afr,3328
nbl,3329
ven,3330
xho,3331
xho,3332
nso,3333
eng,3334
ssw,3335
zul,3336
tsn,3337
afr,3338
sot,3339
tsn,3340
ven,3341
eng,3342
zul,3343
tsn,3344
ssw,3345
sot,3346
nso,3347
nbl,3348
xho,3349
sot,3350
tso,3351
xho,3352
ssw,3353
ven,3354
sot,3355
tso,3356
nbl,3357
xho,3358
nbl,3359
eng,3360
ssw,3361
nso,3362
eng,3363
sot,3364
nbl,3365
nso,3366
eng,3367
ven,3368
xho,3369
tsn,3370
nso,3371
ssw,3372
tso,3373
zul,3374
zul,3375
tso,3376
ven,3377
ssw,3378
ven,3379
eng,3380
ssw,3381
ven,3382
nbl,3383
nbl,3384
tsn,3385
ssw,3386
nbl,3387
eng,3388
tso,3389
nbl,3390
sot,3391
nso,3392
xho,3393
zul,3394
eng,3395
tso,3396
afr,3397
nso,3398
zul,3399
nbl,3400
eng,3401
ven,3402
nso,3403
afr,3404
zul,3405
zul,3406
ven,3407
tso,3408
nso,3409
ssw,3410
xho,3411
zul,3412
nbl,3413
tso,3414
ven,3415
tsn,3416
nso,3417
ven,3418
tsn,3419
tso,3420
afr,3421
ssw,3422
ssw,3423
afr,3424
zul,3425
afr,3426
nso,3427
tso,3428
tsn,3429
nbl,3430
tsn,3431
tsn,3432
afr,3433
eng,3434
ven,3435
eng,3436
eng,3437
ssw,3438
zul,3439
ven,3440
afr,3441
tsn,3442
zul,3443
ven,3444
zul,3445
nbl,3446
nbl,3447
ssw,3448
eng,3449
afr,3450
eng,3451
afr,3452
sot,3453
nbl,3454
ven,3455
afr,3456
nso,3457
tso,3458
ssw,3459
tso,3460
eng,3461
sot,3462
xho,3463
tso,3464
ven,3465
tsn,3466
sot,3467
afr,3468
xho,3469
ssw,3470
nso,3471
afr,3472
tsn,3473
zul,3474
xho,3475
nso,3476
eng,3477
nso,3478
afr,3479
nso,3480
eng,3481
tsn,3482
afr,3483
tsn,3484
eng,3485
sot,3486
xho,3487
nbl,3488
nso,3489
afr,3490
xho,3491
nso,3492
tsn,3493
tsn,3494
nbl,3495
tso,3496
tso,3497
tso,3498
afr,3499
ssw,3500
ssw,3501
ssw,3502
ssw,3503
ven,3504
ven,3505
eng,3506
tso,3507
ven,3508
tsn,3509
tso,3510
ssw,3511
ssw,3512
afr,3513
tso,3514
afr,3515
nbl,3516
sot,3517
ssw,3518
zul,3519
nso,3520
nbl,3521
nbl,3522
ven,3523
tso,3524
nso,3525
afr,3526
ven,3527
ssw,3528
eng,3529
afr,3530
ssw,3531
nso,3532
tsn,3533
ven,3534
afr,3535
sot,3536
eng,3537
xho,3538
afr,3539
xho,3540
tso,3541
ven,3542
tso,3543
zul,3544
ven,3545
zul,3546
nso,3547
xho,3548
xho,3549
xho,3550
tsn,3551
xho,3552
ssw,3553
nbl,3554
tso,3555
xho,3556
afr,3557
afr,3558
eng,3559
xho,3560
nso,3561
ssw,3562
afr,3563
eng,3564
sot,3565
tsn,3566
nbl,3567
afr,3568
xho,3569
tsn,3570
ven,3571
zul,3572
eng,3573
sot,3574
eng,3575
ssw,3576
ssw,3577
xho,3578
zul,3579
afr,3580
eng,3581
nbl,3582
nbl,3583
tsn,3584
tso,3585
afr,3586
tsn,3587
eng,3588
ssw,3589
ven,3590
ssw,3591
sot,3592
sot,3593
nso,3594
tso,3595
eng,3596
sot,3597
tsn,3598
sot,3599
afr,3600
nso,3601
nso,3602
zul,3603
nso,3604
zul,3605
nso,3606
afr,3607
sot,3608
zul,3609
nbl,3610
ven,3611
sot,3612
afr,3613
xho,3614
tsn,3615
xho,3616
sot,3617
tso,3618
nso,3619
nbl,3620
nso,3621
tso,3622
ssw,3623
nbl,3624
ven,3625
nso,3626
zul,3627
ven,3628
eng,3629
nbl,3630
afr,3631
eng,3632
afr,3633
afr,3634
ven,3635
xho,3636
tsn,3637
zul,3638
nbl,3639
zul,3640
sot,3641
xho,3642
zul,3643
tso,3644
zul,3645
ven,3646
tso,3647
xho,3648
sot,3649
afr,3650
afr,3651
tso,3652
xho,3653
eng,3654
tso,3655
nso,3656
ssw,3657
tsn,3658
ven,3659
tso,3660
ven,3661
zul,3662
zul,3663
tso,3664
ssw,3665
afr,3666
ven,3667
sot,3668
xho,3669
eng,3670
nso,3671
tsn,3672
ven,3673
tso,3674
ssw,3675
nbl,3676
nbl,3677
nbl,3678
ven,3679
eng,3680
sot,3681
ssw,3682
xho,3683
eng,3684
tso,3685
tso,3686
nbl,3687
ven,3688
nbl,3689
nso,3690
nso,3691
ven,3692
sot,3693
tso,3694
ssw,3695
afr,3696
sot,3697
afr,3698
afr,3699
afr,3700
nbl,3701
nbl,3702
sot,3703
tso,3704
nso,3705
tsn,3706
xho,3707
sot,3708
ven,3709
nso,3710
tso,3711
xho,3712
ssw,3713
ssw,3714
xho,3715
nso,3716
nbl,3717
tso,3718
nbl,3719
eng,3720
tsn,3721
sot,3722
nbl,3723
nbl,3724
ssw,3725
ssw,3726
ven,3727
sot,3728
afr,3729
tso,3730
tsn,3731
ssw,3732
afr,3733
zul,3734
sot,3735
zul,3736
ven,3737
sot,3738
ven,3739
sot,3740
xho,3741
xho,3742
ssw,3743
tsn,3744
ssw,3745
eng,3746
ssw,3747
tso,3748
xho,3749
ssw,3750
eng,3751
nbl,3752
tso,3753
nso,3754
xho,3755
ven,3756
zul,3757
eng,3758
afr,3759
zul,3760
eng,3761
tsn,3762
sot,3763
nbl,3764
eng,3765
ven,3766
nso,3767
tsn,3768
zul,3769
tsn,3770
tsn,3771
nso,3772
tso,3773
afr,3774
zul,3775
sot,3776
ssw,3777
ven,3778
eng,3779
tso,3780
ven,3781
eng,3782
tsn,3783
afr,3784
afr,3785
afr,3786
zul,3787
tsn,3788
afr,3789
tsn,3790
xho,3791
zul,3792
afr,3793
eng,3794
nso,3795
eng,3796
afr,3797
zul,3798
tso,3799
nbl,3800
ssw,3801
sot,3802
ssw,3803
tso,3804
xho,3805
tso,3806
sot,3807
afr,3808
tso,3809
afr,3810
ven,3811
nbl,3812
ssw,3813
nbl,3814
ssw,3815
zul,3816
nso,3817
zul,3818
sot,3819
sot,3820
ssw,3821
sot,3822
tsn,3823
sot,3824
ssw,3825
nbl,3826
nso,3827
ven,3828
nbl,3829
eng,3830
zul,3831
ven,3832
tso,3833
ven,3834
ssw,3835
xho,3836
tso,3837
sot,3838
xho,3839
ssw,3840
eng,3841
ssw,3842
zul,3843
zul,3844
tsn,3845
sot,3846
tso,3847
ssw,3848
zul,3849
nso,3850
ven,3851
sot,3852
eng,3853
tsn,3854
nbl,3855
afr,3856
tso,3857
ven,3858
nbl,3859
eng,3860
sot,3861
eng,3862
sot,3863
eng,3864
afr,3865
nso,3866
nso,3867
eng,3868
xho,3869
xho,3870
tso,3871
sot,3872
ssw,3873
eng,3874
ven,3875
eng,3876
sot,3877
nso,3878
xho,3879
zul,3880
xho,3881
afr,3882
tso,3883
zul,3884
zul,3885
ssw,3886
afr,3887
nso,3888
eng,3889
tsn,3890
afr,3891
zul,3892
tso,3893
sot,3894
afr,3895
zul,3896
eng,3897
xho,3898
nso,3899
eng,3900
zul,3901
nbl,3902
ssw,3903
nso,3904
zul,3905
eng,3906
ven,3907
ssw,3908
xho,3909
tsn,3910
xho,3911
zul,3912
ven,3913
ven,3914
afr,3915
xho,3916
xho,3917
zul,3918
xho,3919
tsn,3920
ssw,3921
nbl,3922
nbl,3923
xho,3924
afr,3925
xho,3926
nso,3927
eng,3928
zul,3929
tso,3930
eng,3931
xho,3932
tso,3933
ssw,3934
ven,3935
nbl,3936
zul,3937
nbl,3938
eng,3939
xho,3940
eng,3941
ven,3942
ven,3943
tso,3944
ven,3945
nso,3946
zul,3947
sot,3948
xho,3949
tso,3950
ven,3951
nso,3952
ven,3953
tsn,3954
ven,3955
afr,3956
nso,3957
eng,3958
ssw,3959
nso,3960
tso,3961
tso,3962
sot,3963
eng,3964
tso,3965
eng,3966
ssw,3967
eng,3968
afr,3969
sot,3970
sot,3971
eng,3972
eng,3973
sot,3974
sot,3975
tso,3976
eng,3977
tso,3978
nso,3979
sot,3980
eng,3981
tso,3982
eng,3983
nbl,3984
nso,3985
xho,3986
ssw,3987
nbl,3988
afr,3989
tsn,3990
eng,3991
nbl,3992
nso,3993
tso,3994
afr,3995
zul,3996
tsn,3997
ssw,3998
ssw,3999
ven,4000
sot,4001
tsn,4002
tso,4003
zul,4004
nbl,4005
tso,4006
nso,4007
sot,4008
zul,4009
tsn,4010
eng,4011
ssw,4012
zul,4013
eng,4014
sot,4015
zul,4016
xho,4017
eng,4018
sot,4019
ssw,4020
afr,4021
zul,4022
xho,4023
eng,4024
tso,4025
tso,4026
tsn,4027
nso,4028
sot,4029
nso,4030
eng,4031
sot,4032
tso,4033
ssw,4034
xho,4035
zul,4036
nso,4037
afr,4038
sot,4039
tsn,4040
zul,4041
nbl,4042
nso,4043
zul,4044
eng,4045
sot,4046
eng,4047
nso,4048
ssw,4049
eng,4050
sot,4051
ven,4052
eng,4053
eng,4054
tsn,4055
sot,4056
nso,4057
tsn,4058
afr,4059
nso,4060
sot,4061
sot,4062
eng,4063
sot,4064
eng,4065
eng,4066
nso,4067
zul,4068
xho,4069
ven,4070
tsn,4071
eng,4072
afr,4073
ven,4074
zul,4075
ven,4076
tso,4077
sot,4078
sot,4079
tsn,4080
nso,4081
tsn,4082
ven,4083
nso,4084
sot,4085
afr,4086
ven,4087
ssw,4088
afr,4089
tsn,4090
nso,4091
nso,4092
ssw,4093
ven,4094
eng,4095
tsn,4096
xho,4097
tso,4098
xho,4099
eng,4100
nso,4101
nso,4102
nbl,4103
tso,4104
xho,4105
sot,4106
zul,4107
tsn,4108
nso,4109
eng,4110
nso,4111
tsn,4112
ven,4113
afr,4114
zul,4115
eng,4116
ven,4117
ven,4118
nso,4119
xho,4120
tsn,4121
tso,4122
ssw,4123
sot,4124
ven,4125
xho,4126
tsn,4127
tso,4128
eng,4129
afr,4130
nso,4131
tso,4132
ven,4133
nbl,4134
ven,4135
tsn,4136
ssw,4137
tsn,4138
nbl,4139
zul,4140
tso,4141
zul,4142
xho,4143
sot,4144
zul,4145
xho,4146
sot,4147
zul,4148
zul,4149
tsn,4150
xho,4151
zul,4152
ssw,4153
eng,4154
tso,4155
xho,4156
ssw,4157
zul,4158
sot,4159
ven,4160
eng,4161
ven,4162
sot,4163
ven,4164
sot,4165
eng,4166
afr,4167
eng,4168
ssw,4169
ssw,4170
eng,4171
tso,4172
nso,4173
afr,4174
tsn,4175
tso,4176
tsn,4177
nbl,4178
nbl,4179
afr,4180
nbl,4181
ven,4182
xho,4183
zul,4184
zul,4185
ssw,4186
nbl,4187
tsn,4188
ven,4189
zul,4190
nso,4191
zul,4192
ssw,4193
xho,4194
ven,4195
xho,4196
ven,4197
zul,4198
nso,4199
sot,4200
tsn,4201
tsn,4202
nso,4203
ssw,4204
nbl,4205
afr,4206
tso,4207
nbl,4208
ven,4209
nbl,4210
tso,4211
nbl,4212
zul,4213
sot,4214
tsn,4215
afr,4216
nso,4217
sot,4218
ven,4219
xho,4220
tsn,4221
tsn,4222
afr,4223
tsn,4224
afr,4225
tso,4226
tsn,4227
eng,4228
tso,4229
tsn,4230
tso,4231
tso,4232
ven,4233
sot,4234
nbl,4235
afr,4236
ssw,4237
tso,4238
zul,4239
sot,4240
sot,4241
tso,4242
ssw,4243
nso,4244
afr,4245
nbl,4246
zul,4247
tsn,4248
sot,4249
eng,4250
zul,4251
eng,4252
ssw,4253
nbl,4254
eng,4255
tso,4256
ssw,4257
afr,4258
tso,4259
afr,4260
afr,4261
eng,4262
afr,4263
afr,4264
tsn,4265
ven,4266
nbl,4267
sot,4268
ssw,4269
eng,4270
xho,4271
nbl,4272
xho,4273
afr,4274
nso,4275
sot,4276
ssw,4277
xho,4278
ven,4279
sot,4280
nso,4281
afr,4282
nso,4283
afr,4284
sot,4285
xho,4286
eng,4287
nbl,4288
zul,4289
ven,4290
ssw,4291
xho,4292
tsn,4293
ssw,4294
tsn,4295
eng,4296
tso,4297
ssw,4298
tso,4299
eng,4300
zul,4301
afr,4302
nso,4303
nso,4304
zul,4305
nso,4306
xho,4307
ven,4308
ven,4309
tsn,4310
zul,4311
afr,4312
zul,4313
tsn,4314
nso,4315
zul,4316
afr,4317
afr,4318
sot,4319
nbl,4320
ven,4321
ssw,4322
afr,4323
afr,4324
eng,4325
eng,4326
sot,4327
zul,4328
xho,4329
tsn,4330
ven,4331
ssw,4332
nbl,4333
zul,4334
eng,4335
nso,4336
eng,4337
nbl,4338
tso,4339
tsn,4340
nso,4341
nbl,4342
nso,4343
nso,4344
zul,4345
afr,4346
eng,4347
tsn,4348
tso,4349
ssw,4350
ssw,4351
xho,4352
tso,4353
sot,4354
zul,4355
xho,4356
nbl,4357
tsn,4358
tsn,4359
nso,4360
nso,4361
ven,4362
xho,4363
ssw,4364
tsn,4365
xho,4366
zul,4367
tsn,4368
tso,4369
ssw,4370
tsn,4371
nbl,4372
tsn,4373
ven,4374
afr,4375
zul,4376
tso,4377
ssw,4378
afr,4379
nso,4380
afr,4381
tsn,4382
afr,4383
nbl,4384
sot,4385
ssw,4386
afr,4387
nso,4388
tso,4389
ven,4390
tso,4391
xho,4392
afr,4393
xho,4394
tsn,4395
ssw,4396
sot,4397
ssw,4398
ven,4399
tso,4400
ven,4401
tso,4402
ven,4403
tsn,4404
xho,4405
xho,4406
eng,4407
sot,4408
ssw,4409
eng,4410
ssw,4411
nso,4412
zul,4413
nso,4414
nbl,4415
tsn,4416
ssw,4417
sot,4418
zul,4419
tso,4420
tsn,4421
ssw,4422
zul,4423
afr,4424
tso,4425
xho,4426
tsn,4427
ssw,4428
tsn,4429
ven,4430
tso,4431
ssw,4432
nbl,4433
eng,4434
tsn,4435
tsn,4436
xho,4437
nbl,4438
afr,4439
xho,4440
sot,4441
sot,4442
sot,4443
ven,4444
tsn,4445
nso,4446
tso,4447
ssw,4448
ssw,4449
ssw,4450
sot,4451
ven,4452
tsn,4453
tso,4454
xho,4455
ven,4456
tsn,4457
nso,4458
ven,4459
eng,4460
eng,4461
tso,4462
sot,4463
zul,4464
ven,4465
nso,4466
eng,4467
xho,4468
nbl,4469
eng,4470
eng,4471
tsn,4472
tso,4473
sot,4474
tso,4475
eng,4476
tsn,4477
eng,4478
zul,4479
xho,4480
tso,4481
sot,4482
tso,4483
nso,4484
nso,4485
zul,4486
ven,4487
tsn,4488
ven,4489
nbl,4490
tso,4491
nso,4492
xho,4493
xho,4494
tso,4495
ssw,4496
tsn,4497
zul,4498
ssw,4499
ven,4500
nbl,4501
ven,4502
zul,4503
eng,4504
nbl,4505
ven,4506
tso,4507
nso,4508
sot,4509
tso,4510
tsn,4511
tso,4512
tsn,4513
ven,4514
ssw,4515
ssw,4516
xho,4517
ssw,4518
nbl,4519
sot,4520
nso,4521
ven,4522
xho,4523
afr,4524
eng,4525
zul,4526
afr,4527
nso,4528
ssw,4529
tso,4530
ven,4531
ven,4532
afr,4533
tsn,4534
sot,4535
afr,4536
ven,4537
afr,4538
sot,4539
tso,4540
sot,4541
afr,4542
nbl,4543
sot,4544
tsn,4545
sot,4546
ven,4547
eng,4548
afr,4549
nso,4550
sot,4551
ssw,4552
ven,4553
afr,4554
afr,4555
ssw,4556
nso,4557
afr,4558
eng,4559
tso,4560
xho,4561
xho,4562
sot,4563
ssw,4564
zul,4565
ssw,4566
eng,4567
tso,4568
eng,4569
tso,4570
nso,4571
xho,4572
eng,4573
eng,4574
tsn,4575
tsn,4576
tsn,4577
tsn,4578
tsn,4579
sot,4580
ven,4581
nso,4582
afr,4583
ven,4584
sot,4585
nbl,4586
nbl,4587
ssw,4588
afr,4589
tsn,4590
xho,4591
nso,4592
tso,4593
ssw,4594
eng,4595
eng,4596
tsn,4597
zul,4598
sot,4599
xho,4600
tso,4601
ven,4602
sot,4603
tsn,4604
ven,4605
tsn,4606
afr,4607
sot,4608
xho,4609
nso,4610
tso,4611
zul,4612
nso,4613
nbl,4614
tso,4615
nso,4616
tso,4617
zul,4618
ssw,4619
sot,4620
tso,4621
tso,4622
xho,4623
sot,4624
ssw,4625
zul,4626
ssw,4627
ssw,4628
nbl,4629
sot,4630
tso,4631
nso,4632
tsn,4633
tsn,4634
tso,4635
zul,4636
ven,4637
tso,4638
ven,4639
nso,4640
eng,4641
sot,4642
tsn,4643
ssw,4644
ven,4645
afr,4646
xho,4647
tsn,4648
nbl,4649
xho,4650
ven,4651
nbl,4652
zul,4653
nso,4654
zul,4655
tsn,4656
zul,4657
sot,4658
nbl,4659
tso,4660
tsn,4661
nbl,4662
tsn,4663
sot,4664
xho,4665
afr,4666
nbl,4667
tso,4668
ven,4669
zul,4670
xho,4671
zul,4672
sot,4673
ven,4674
eng,4675
ssw,4676
nso,4677
ven,4678
zul,4679
tsn,4680
ssw,4681
zul,4682
sot,4683
nbl,4684
xho,4685
eng,4686
tso,4687
eng,4688
tsn,4689
sot,4690
xho,4691
nso,4692
xho,4693
nbl,4694
tso,4695
sot,4696
eng,4697
ven,4698
zul,4699
sot,4700
nso,4701
nbl,4702
eng,4703
ven,4704
xho,4705
afr,4706
ssw,4707
nbl,4708
xho,4709
sot,4710
ssw,4711
tso,4712
xho,4713
ven,4714
afr,4715
tsn,4716
eng,4717
ssw,4718
afr,4719
xho,4720
xho,4721
zul,4722
ssw,4723
nso,4724
ven,4725
ssw,4726
nbl,4727
sot,4728
nbl,4729
xho,4730
nbl,4731
zul,4732
eng,4733
ssw,4734
ssw,4735
xho,4736
eng,4737
tsn,4738
sot,4739
ssw,4740
afr,4741
ssw,4742
ven,4743
eng,4744
ssw,4745
nso,4746
nso,4747
ssw,4748
ven,4749
afr,4750
zul,4751
ven,4752
zul,4753
xho,4754
sot,4755
eng,4756
nbl,4757
zul,4758
tso,4759
tso,4760
xho,4761
nbl,4762
zul,4763
xho,4764
xho,4765
nbl,4766
ven,4767
tsn,4768
xho,4769
afr,4770
zul,4771
ven,4772
ven,4773
tsn,4774
ssw,4775
tso,4776
ven,4777
ven,4778
eng,4779
ven,4780
tso,4781
nbl,4782
nso,4783
nso,4784
nbl,4785
tsn,4786
ven,4787
sot,4788
ven,4789
zul,4790
eng,4791
ven,4792
tso,4793
nso,4794
eng,4795
ven,4796
ssw,4797
eng,4798
ven,4799
nso,4800
afr,4801
ven,4802
tso,4803
nbl,4804
ven,4805
sot,4806
sot,4807
tsn,4808
eng,4809
tso,4810
eng,4811
afr,4812
nbl,4813
afr,4814
eng,4815
nbl,4816
nbl,4817
ssw,4818
nbl,4819
ssw,4820
tso,4821
ssw,4822
sot,4823
ssw,4824
sot,4825
zul,4826
ven,4827
xho,4828
zul,4829
eng,4830
ven,4831
nbl,4832
ssw,4833
eng,4834
nbl,4835
ssw,4836
nso,4837
zul,4838
ssw,4839
sot,4840
tsn,4841
eng,4842
nso,4843
nbl,4844
xho,4845
ven,4846
ssw,4847
nso,4848
nbl,4849
afr,4850
ssw,4851
eng,4852
eng,4853
xho,4854
nso,4855
zul,4856
nbl,4857
tso,4858
ssw,4859
sot,4860
ven,4861
xho,4862
eng,4863
ssw,4864
sot,4865
nso,4866
nso,4867
tso,4868
tsn,4869
eng,4870
ssw,4871
eng,4872
nso,4873
xho,4874
nso,4875
tsn,4876
eng,4877
ssw,4878
tsn,4879
nso,4880
nso,4881
ven,4882
tso,4883
afr,4884
ssw,4885
tsn,4886
sot,4887
tsn,4888
tsn,4889
eng,4890
tsn,4891
ssw,4892
nbl,4893
eng,4894
nso,4895
afr,4896
nbl,4897
afr,4898
nso,4899
sot,4900
ven,4901
ssw,4902
nbl,4903
zul,4904
xho,4905
ssw,4906
sot,4907
xho,4908
eng,4909
tso,4910
sot,4911
tso,4912
tso,4913
ssw,4914
nso,4915
sot,4916
ssw,4917
zul,4918
tsn,4919
nso,4920
ssw,4921
xho,4922
ssw,4923
tso,4924
ssw,4925
afr,4926
nso,4927
nso,4928
xho,4929
xho,4930
zul,4931
nbl,4932
ssw,4933
nbl,4934
ven,4935
nbl,4936
ssw,4937
afr,4938
sot,4939
zul,4940
xho,4941
ven,4942
tso,4943
tso,4944
nbl,4945
xho,4946
sot,4947
xho,4948
nso,4949
xho,4950
ssw,4951
eng,4952
tsn,4953
afr,4954
nbl,4955
xho,4956
xho,4957
tso,4958
nso,4959
nbl,4960
ssw,4961
ssw,4962
tsn,4963
ven,4964
zul,4965
xho,4966
eng,4967
xho,4968
nso,4969
ssw,4970
zul,4971
tso,4972
xho,4973
nso,4974
tso,4975
zul,4976
ven,4977
tso,4978
zul,4979
sot,4980
zul,4981
ssw,4982
eng,4983
nso,4984
tso,4985
afr,4986
ssw,4987
nbl,4988
tsn,4989
tso,4990
ven,4991
tsn,4992
afr,4993
eng,4994
tso,4995
tsn,4996
zul,4997
xho,4998
xho,4999
afr,5000
nso,5001
tsn,5002
ven,5003
nso,5004
eng,5005
nso,5006
ssw,5007
ven,5008
nso,5009
zul,5010
ven,5011
ssw,5012
eng,5013
nbl,5014
zul,5015
tsn,5016
ven,5017
ssw,5018
ven,5019
afr,5020
nbl,5021
tsn,5022
ven,5023
ven,5024
ven,5025
eng,5026
ssw,5027
nso,5028
nbl,5029
sot,5030
ven,5031
nbl,5032
tsn,5033
tsn,5034
eng,5035
tso,5036
nbl,5037
afr,5038
nso,5039
nbl,5040
nso,5041
nso,5042
sot,5043
eng,5044
afr,5045
eng,5046
sot,5047
nso,5048
zul,5049
zul,5050
sot,5051
tso,5052
tsn,5053
tso,5054
ssw,5055
tsn,5056
sot,5057
ssw,5058
afr,5059
tso,5060
tsn,5061
ven,5062
xho,5063
eng,5064
tsn,5065
zul,5066
ssw,5067
afr,5068
sot,5069
tsn,5070
zul,5071
xho,5072
ven,5073
afr,5074
zul,5075
ven,5076
eng,5077
nso,5078
eng,5079
afr,5080
tsn,5081
ven,5082
eng,5083
afr,5084
eng,5085
nbl,5086
ven,5087
nso,5088
eng,5089
afr,5090
nbl,5091
ven,5092
sot,5093
ssw,5094
eng,5095
nso,5096
zul,5097
zul,5098
nbl,5099
sot,5100
nso,5101
nso,5102
xho,5103
xho,5104
sot,5105
afr,5106
nso,5107
afr,5108
eng,5109
eng,5110
nso,5111
ven,5112
eng,5113
sot,5114
ssw,5115
afr,5116
xho,5117
eng,5118
xho,5119
afr,5120
afr,5121
tso,5122
tsn,5123
nso,5124
ven,5125
eng,5126
ven,5127
nbl,5128
sot,5129
eng,5130
nbl,5131
ven,5132
nso,5133
xho,5134
nso,5135
xho,5136
ven,5137
eng,5138
zul,5139
eng,5140
eng,5141
nso,5142
ssw,5143
afr,5144
nbl,5145
ven,5146
eng,5147
tso,5148
eng,5149
nso,5150
tso,5151
eng,5152
ven,5153
xho,5154
nso,5155
zul,5156
ssw,5157
nbl,5158
ven,5159
tso,5160
xho,5161
nso,5162
tso,5163
ven,5164
tsn,5165
ven,5166
afr,5167
nbl,5168
sot,5169
nbl,5170
tso,5171
ven,5172
ssw,5173
ven,5174
xho,5175
sot,5176
afr,5177
tso,5178
nso,5179
eng,5180
zul,5181
sot,5182
nbl,5183
sot,5184
ven,5185
eng,5186
afr,5187
ven,5188
xho,5189
tsn,5190
afr,5191
eng,5192
nso,5193
ssw,5194
tso,5195
xho,5196
eng,5197
afr,5198
eng,5199
tsn,5200
sot,5201
sot,5202
tsn,5203
tso,5204
zul,5205
afr,5206
sot,5207
nbl,5208
zul,5209
afr,5210
ven,5211
sot,5212
tso,5213
xho,5214
xho,5215
sot,5216
ven,5217
nbl,5218
nbl,5219
zul,5220
sot,5221
nbl,5222
tso,5223
tso,5224
nso,5225
eng,5226
sot,5227
afr,5228
tso,5229
tsn,5230
eng,5231
tso,5232
tsn,5233
zul,5234
eng,5235
tsn,5236
ven,5237
afr,5238
nso,5239
nso,5240
xho,5241
ven,5242
xho,5243
tsn,5244
sot,5245
xho,5246
xho,5247
afr,5248
xho,5249
eng,5250
tso,5251
eng,5252
tsn,5253
afr,5254
tso,5255
zul,5256
tso,5257
sot,5258
afr,5259
eng,5260
afr,5261
afr,5262
afr,5263
eng,5264
zul,5265
ssw,5266
tso,5267
nso,5268
ssw,5269
afr,5270
ssw,5271
tsn,5272
xho,5273
tsn,5274
tso,5275
nso,5276
sot,5277
nso,5278
sot,5279
afr,5280
xho,5281
zul,5282
nso,5283
zul,5284
tsn,5285
zul,5286
nbl,5287
tsn,5288
nbl,5289
nbl,5290
eng,5291
ssw,5292
nso,5293
eng,5294
nso,5295
eng,5296
tso,5297
afr,5298
tso,5299
sot,5300
ven,5301
eng,5302
afr,5303
zul,5304
tsn,5305
nbl,5306
nbl,5307
zul,5308
eng,5309
nso,5310
xho,5311
afr,5312
afr,5313
eng,5314
tsn,5315
sot,5316
ven,5317
nso,5318
xho,5319
afr,5320
sot,5321
afr,5322
tso,5323
ven,5324
tso,5325
nso,5326
ven,5327
tsn,5328
tsn,5329
sot,5330
xho,5331
eng,5332
nso,5333
zul,5334
ssw,5335
nbl,5336
tsn,5337
ven,5338
ven,5339
nso,5340
nbl,5341
afr,5342
eng,5343
nbl,5344
ven,5345
sot,5346
zul,5347
sot,5348
zul,5349
nso,5350
ssw,5351
tso,5352
sot,5353
sot,5354
eng,5355
eng,5356
ven,5357
sot,5358
sot,5359
sot,5360
tso,5361
ssw,5362
xho,5363
afr,5364
afr,5365
ssw,5366
zul,5367
eng,5368
tso,5369
sot,5370
zul,5371
xho,5372
nso,5373
afr,5374
ssw,5375
ven,5376
sot,5377
zul,5378
ssw,5379
afr,5380
nso,5381
eng,5382
ssw,5383
ven,5384
ven,5385
afr,5386
tso,5387
zul,5388
tso,5389
xho,5390
nbl,5391
nso,5392
tsn,5393
afr,5394
nbl,5395
sot,5396
zul,5397
afr,5398
zul,5399
zul,5400
afr,5401
nbl,5402
sot,5403
nso,5404
afr,5405
sot,5406
zul,5407
sot,5408
zul,5409
zul,5410
afr,5411
zul,5412
sot,5413
nso,5414
ven,5415
nso,5416
sot,5417
sot,5418
sot,5419
sot,5420
nbl,5421
zul,5422
ven,5423
xho,5424
xho,5425
sot,5426
sot,5427
tsn,5428
tso,5429
eng,5430
tso,5431
ven,5432
nbl,5433
tso,5434
tso,5435
ven,5436
zul,5437
sot,5438
eng,5439
xho,5440
nbl,5441
afr,5442
nbl,5443
ssw,5444
ven,5445
tsn,5446
zul,5447
ven,5448
tso,5449
ssw,5450
nbl,5451
tso,5452
tsn,5453
afr,5454
zul,5455
tso,5456
tsn,5457
xho,5458
tso,5459
afr,5460
nso,5461
nbl,5462
sot,5463
ssw,5464
sot,5465
nbl,5466
xho,5467
nbl,5468
afr,5469
tso,5470
eng,5471
sot,5472
eng,5473
sot,5474
ven,5475
xho,5476
ven,5477
sot,5478
zul,5479
ven,5480
eng,5481
afr,5482
ssw,5483
nbl,5484
ssw,5485
nbl,5486
ven,5487
ven,5488
nso,5489
ven,5490
ssw,5491
nso,5492
ven,5493
xho,5494
afr,5495
nbl,5496
ven,5497
zul,5498
afr,5499
tsn,5500
zul,5501
eng,5502
tso,5503
xho,5504
nso,5505
tso,5506
sot,5507
nso,5508
sot,5509
tsn,5510
xho,5511
zul,5512
tso,5513
tsn,5514
afr,5515
tso,5516
sot,5517
tso,5518
xho,5519
eng,5520
zul,5521
eng,5522
tsn,5523
zul,5524
nbl,5525
tso,5526
ssw,5527
afr,5528
sot,5529
ssw,5530
afr,5531
ven,5532
tso,5533
xho,5534
sot,5535
zul,5536
ven,5537
afr,5538
nso,5539
eng,5540
tso,5541
ssw,5542
afr,5543
xho,5544
sot,5545
ssw,5546
nbl,5547
xho,5548
zul,5549
tso,5550
ssw,5551
eng,5552
zul,5553
sot,5554
afr,5555
tso,5556
xho,5557
ssw,5558
ssw,5559
nso,5560
tsn,5561
xho,5562
eng,5563
tso,5564
ssw,5565
tso,5566
zul,5567
sot,5568
zul,5569
ssw,5570
tso,5571
afr,5572
sot,5573
eng,5574
eng,5575
eng,5576
nso,5577
afr,5578
ven,5579
nbl,5580
nbl,5581
ven,5582
ven,5583
sot,5584
tsn,5585
eng,5586
afr,5587
nbl,5588
zul,5589
afr,5590
tso,5591
tsn,5592
afr,5593
tsn,5594
xho,5595
ven,5596
afr,5597
ssw,5598
nbl,5599
tsn,5600
afr,5601
zul,5602
sot,5603
nso,5604
ssw,5605
ven,5606
tsn,5607
xho,5608
tso,5609
nso,5610
nso,5611
sot,5612
ssw,5613
nbl,5614
eng,5615
tsn,5616
xho,5617
tso,5618
sot,5619
nbl,5620
tsn,5621
afr,5622
eng,5623
afr,5624
tso,5625
ven,5626
nbl,5627
nso,5628
nso,5629
afr,5630
nbl,5631
ssw,5632
ssw,5633
sot,5634
nbl,5635
xho,5636
eng,5637
nbl,5638
xho,5639
afr,5640
nbl,5641
tso,5642
eng,5643
nso,5644
afr,5645
xho,5646
tsn,5647
sot,5648
xho,5649
ven,5650
eng,5651
ven,5652
tsn,5653
tso,5654
tso,5655
xho,5656
eng,5657
ven,5658
nbl,5659
tso,5660
afr,5661
zul,5662
xho,5663
afr,5664
afr,5665
nbl,5666
sot,5667
sot,5668
zul,5669
sot,5670
zul,5671
tsn,5672
xho,5673
xho,5674
eng,5675
eng,5676
nso,5677
zul,5678
tso,5679
zul,5680
sot,5681
eng,5682
